{
  "crop_model": {
    "accuracy": 0.9954545454545455,
    "feature_importance": {
      "N": 0.07792311738365501,
      "P": 0.13304172446784052,
      "K": 0.16294317763361824,
      "temperature": 0.034451734681841414,
      "humidity": 0.1912451420811586,
      "ph": 0.02758679397338814,
      "rainfall": 0.1787853563990078,
      "NPK_ratio": 0.047733074942472295,
      "moisture_index": 0.1462898784370179
    }
  },
  "yield_model": {
    "rmse": 1339.4864953389224,
    "r2": -0.2389842120856993,
    "feature_importance": {
      "soil_moisture_%": 0.14922696069849212,
      "NDVI_index": 0.117756464845934,
      "temperature": 0.3346692114757439,
      "rainfall_mm": 0.2234431798182666,
      "VHI": 0.17490418316156334,
      "thermal_stress": 0.0
    }
  },
  "timestamp": "2026-02-07T21:29:05.972947"
}